method,mae_temp,mae_humidity,mae_light,mae_overall,rmse_temp,rmse_humidity,rmse_light,rmse_overall,avg_pwm,settling_time
Neural Network,4.397760399497018,16.335323119056625,47.991927652963014,22.90833705717222,4.894472602450464,18.843922252335645,54.052375079096784,25.930256644627633,33.687599182128906,500
MPC,0.0010580316181924801,0.11359271871261419,0.1857518720433928,0.10013420745806649,0.013791822150534741,1.167523431587575,3.230001055017002,1.4704387695850372,0.10382730544390498,5
Q-Learning,8.996897623730629,13.47921747854235,26.7689017502657,16.415005617512893,9.276689194875205,16.0353623565813,27.98652252843028,17.766191359962264,46.7475,2100
